book_order,book,chapter,verse,reference,position,word_text,lemma,morph,strong,manuscript,tradition
32,Jonah,1,1,Jonah 1:1,1,ܘܗܘܐ,,,,Peshitta,PESH
32,Jonah,1,1,Jonah 1:1,2,ܦܬܓܡܗ,,,,Peshitta,PESH
32,Jonah,1,1,Jonah 1:1,3,ܕܡܪܝܐ,,,,Peshitta,PESH
32,Jonah,1,1,Jonah 1:1,4,ܥܠ,,,,Peshitta,PESH
32,Jonah,1,1,Jonah 1:1,5,ܝܘܢܢ,,,,Peshitta,PESH
32,Jonah,1,1,Jonah 1:1,6,ܒܪ,,,,Peshitta,PESH
32,Jonah,1,1,Jonah 1:1,7,ܡܬܝ,,,,Peshitta,PESH
32,Jonah,1,1,Jonah 1:1,8,ܠܡܐܡܪ,,,,Peshitta,PESH
32,Jonah,1,2,Jonah 1:2,1,ܩܘܡ,,,,Peshitta,PESH
32,Jonah,1,2,Jonah 1:2,2,ܙܠ,,,,Peshitta,PESH
32,Jonah,1,2,Jonah 1:2,3,ܠܢܝܢܘܐ,,,,Peshitta,PESH
32,Jonah,1,2,Jonah 1:2,4,ܡܕܝܢܬܐ,,,,Peshitta,PESH
32,Jonah,1,2,Jonah 1:2,5,ܪܒܬܐ,,,,Peshitta,PESH
32,Jonah,1,2,Jonah 1:2,6,ܘܐܟܪܙ,,,,Peshitta,PESH
32,Jonah,1,2,Jonah 1:2,7,ܥܠܝܗ̇,,,,Peshitta,PESH
32,Jonah,1,2,Jonah 1:2,8,ܡܛܠ,,,,Peshitta,PESH
32,Jonah,1,2,Jonah 1:2,9,ܕܣܠܩܬ,,,,Peshitta,PESH
32,Jonah,1,2,Jonah 1:2,10,ܒܝܫܘܬܗܘܢ,,,,Peshitta,PESH
32,Jonah,1,2,Jonah 1:2,11,ܩܕܡܝ,,,,Peshitta,PESH
32,Jonah,1,3,Jonah 1:3,1,ܘܩܡ,,,,Peshitta,PESH
32,Jonah,1,3,Jonah 1:3,2,ܝܘܢܢ,,,,Peshitta,PESH
32,Jonah,1,3,Jonah 1:3,3,ܠܡܥܪܩ,,,,Peshitta,PESH
32,Jonah,1,3,Jonah 1:3,4,ܠܬܪܫܝܫ,,,,Peshitta,PESH
32,Jonah,1,3,Jonah 1:3,5,ܡܢ,,,,Peshitta,PESH
32,Jonah,1,3,Jonah 1:3,6,ܩܕܡ,,,,Peshitta,PESH
32,Jonah,1,3,Jonah 1:3,7,ܡܪܝܐ,,,,Peshitta,PESH
32,Jonah,1,3,Jonah 1:3,8,ܘܢܚܬ,,,,Peshitta,PESH
32,Jonah,1,3,Jonah 1:3,9,ܠܝܘܦܐ,,,,Peshitta,PESH
32,Jonah,1,3,Jonah 1:3,10,ܘܐܫܟܚ,,,,Peshitta,PESH
32,Jonah,1,3,Jonah 1:3,11,ܐܠܦܐ,,,,Peshitta,PESH
32,Jonah,1,3,Jonah 1:3,12,ܕܥܐܠܐ,,,,Peshitta,PESH
32,Jonah,1,3,Jonah 1:3,13,ܠܬܪܫܝܫ,,,,Peshitta,PESH
32,Jonah,1,3,Jonah 1:3,14,ܘܝܗܒ,,,,Peshitta,PESH
32,Jonah,1,3,Jonah 1:3,15,ܐܓܪܐ,,,,Peshitta,PESH
32,Jonah,1,3,Jonah 1:3,16,ܘܢܚܬ,,,,Peshitta,PESH
32,Jonah,1,3,Jonah 1:3,17,ܠܗ̇,,,,Peshitta,PESH
32,Jonah,1,3,Jonah 1:3,18,ܠܡܥܠ,,,,Peshitta,PESH
32,Jonah,1,3,Jonah 1:3,19,ܥܡܗܘܢ,,,,Peshitta,PESH
32,Jonah,1,3,Jonah 1:3,20,ܠܬܪܫܝܫ,,,,Peshitta,PESH
32,Jonah,1,3,Jonah 1:3,21,ܠܡܥܪܩ,,,,Peshitta,PESH
32,Jonah,1,3,Jonah 1:3,22,ܡܢ,,,,Peshitta,PESH
32,Jonah,1,3,Jonah 1:3,23,ܩܕܡ,,,,Peshitta,PESH
32,Jonah,1,3,Jonah 1:3,24,ܡܪܝܐ,,,,Peshitta,PESH
32,Jonah,1,4,Jonah 1:4,1,ܘܡܪܝܐ,,,,Peshitta,PESH
32,Jonah,1,4,Jonah 1:4,2,ܐܪܡܝ,,,,Peshitta,PESH
32,Jonah,1,4,Jonah 1:4,3,ܪܘܚܐ,,,,Peshitta,PESH
32,Jonah,1,4,Jonah 1:4,4,ܪܒܬܐ,,,,Peshitta,PESH
32,Jonah,1,4,Jonah 1:4,5,ܒܝܡܐ,,,,Peshitta,PESH
32,Jonah,1,4,Jonah 1:4,6,ܘܗܘܐ,,,,Peshitta,PESH
32,Jonah,1,4,Jonah 1:4,7,ܡܚܫܘܠܐ,,,,Peshitta,PESH
32,Jonah,1,4,Jonah 1:4,8,ܪܒܐ,,,,Peshitta,PESH
32,Jonah,1,4,Jonah 1:4,9,ܒܝܡܐ,,,,Peshitta,PESH
32,Jonah,1,4,Jonah 1:4,10,ܘܐܠܦܐ,,,,Peshitta,PESH
32,Jonah,1,4,Jonah 1:4,11,ܡܬܗܦܟܐ,,,,Peshitta,PESH
32,Jonah,1,4,Jonah 1:4,12,ܗܘܬ,,,,Peshitta,PESH
32,Jonah,1,4,Jonah 1:4,13,ܠܡܬܬܒܪܘ,,,,Peshitta,PESH
32,Jonah,1,5,Jonah 1:5,1,ܘܕܚܠܘ,,,,Peshitta,PESH
32,Jonah,1,5,Jonah 1:5,2,ܡ̈ܠܚܐ,,,,Peshitta,PESH
32,Jonah,1,5,Jonah 1:5,3,ܘܓܥܘ,,,,Peshitta,PESH
32,Jonah,1,5,Jonah 1:5,4,ܐܢܫ,,,,Peshitta,PESH
32,Jonah,1,5,Jonah 1:5,5,ܠܘܬ,,,,Peshitta,PESH
32,Jonah,1,5,Jonah 1:5,6,ܐܠܗܗ,,,,Peshitta,PESH
32,Jonah,1,5,Jonah 1:5,7,ܘܫܕܘ,,,,Peshitta,PESH
32,Jonah,1,5,Jonah 1:5,8,ܡܐ̈ܢܐ,,,,Peshitta,PESH
32,Jonah,1,5,Jonah 1:5,9,ܡܢ,,,,Peshitta,PESH
32,Jonah,1,5,Jonah 1:5,10,ܐܠܦܐ,,,,Peshitta,PESH
32,Jonah,1,5,Jonah 1:5,11,ܒܝܡܐ,,,,Peshitta,PESH
32,Jonah,1,5,Jonah 1:5,12,ܕܢܩܠܘܢ,,,,Peshitta,PESH
32,Jonah,1,5,Jonah 1:5,13,ܡܢܗܘܢ,,,,Peshitta,PESH
32,Jonah,1,5,Jonah 1:5,14,ܝܘܢܢ,,,,Peshitta,PESH
32,Jonah,1,5,Jonah 1:5,15,ܕܝܢ,,,,Peshitta,PESH
32,Jonah,1,5,Jonah 1:5,16,ܢܚܬ,,,,Peshitta,PESH
32,Jonah,1,5,Jonah 1:5,17,ܠܗ,,,,Peshitta,PESH
32,Jonah,1,5,Jonah 1:5,18,ܠܐܫܬܗ̇,,,,Peshitta,PESH
32,Jonah,1,5,Jonah 1:5,19,ܕܐܠܦܐ,,,,Peshitta,PESH
32,Jonah,1,5,Jonah 1:5,20,ܘܕܡܟ,,,,Peshitta,PESH
32,Jonah,1,6,Jonah 1:6,1,ܘܩܪܒ,,,,Peshitta,PESH
32,Jonah,1,6,Jonah 1:6,2,ܠܘܬܗ,,,,Peshitta,PESH
32,Jonah,1,6,Jonah 1:6,3,ܪܒ,,,,Peshitta,PESH
32,Jonah,1,6,Jonah 1:6,4,ܡ̈ܠܚܐ,,,,Peshitta,PESH
32,Jonah,1,6,Jonah 1:6,5,ܘܐܡܪ,,,,Peshitta,PESH
32,Jonah,1,6,Jonah 1:6,6,ܠܗ,,,,Peshitta,PESH
32,Jonah,1,6,Jonah 1:6,7,ܡܢܐ,,,,Peshitta,PESH
32,Jonah,1,6,Jonah 1:6,8,ܕܡܟ,,,,Peshitta,PESH
32,Jonah,1,6,Jonah 1:6,9,ܐܢܬ,,,,Peshitta,PESH
32,Jonah,1,6,Jonah 1:6,10,ܩܘܡ,,,,Peshitta,PESH
32,Jonah,1,6,Jonah 1:6,11,ܩܪܝ,,,,Peshitta,PESH
32,Jonah,1,6,Jonah 1:6,12,ܠܐܠܗܟ,,,,Peshitta,PESH
32,Jonah,1,6,Jonah 1:6,13,ܟܒܪ,,,,Peshitta,PESH
32,Jonah,1,6,Jonah 1:6,14,ܢܦܨܝܢ,,,,Peshitta,PESH
32,Jonah,1,6,Jonah 1:6,15,ܐܠܗܐ,,,,Peshitta,PESH
32,Jonah,1,6,Jonah 1:6,16,ܘܠܐ,,,,Peshitta,PESH
32,Jonah,1,6,Jonah 1:6,17,ܢܐܒܕ,,,,Peshitta,PESH
32,Jonah,1,7,Jonah 1:7,1,ܘܐܡܪܘ,,,,Peshitta,PESH
32,Jonah,1,7,Jonah 1:7,2,ܓܒܪ,,,,Peshitta,PESH
32,Jonah,1,7,Jonah 1:7,3,ܠܚܒܪܗ,,,,Peshitta,PESH
32,Jonah,1,7,Jonah 1:7,4,ܬܘ,,,,Peshitta,PESH
32,Jonah,1,7,Jonah 1:7,5,ܢܪܡܐ,,,,Peshitta,PESH
32,Jonah,1,7,Jonah 1:7,6,ܦܨ̈ܐ,,,,Peshitta,PESH
32,Jonah,1,7,Jonah 1:7,7,ܘܢܕܥ,,,,Peshitta,PESH
32,Jonah,1,7,Jonah 1:7,8,ܒܝܫܬܐ,,,,Peshitta,PESH
32,Jonah,1,7,Jonah 1:7,9,ܗܕܐ,,,,Peshitta,PESH
32,Jonah,1,7,Jonah 1:7,10,ܡܛܠ,,,,Peshitta,PESH
32,Jonah,1,7,Jonah 1:7,11,ܡ̇ܢ,,,,Peshitta,PESH
32,Jonah,1,7,Jonah 1:7,12,ܐܬܬ,,,,Peshitta,PESH
32,Jonah,1,7,Jonah 1:7,13,ܥܠܝܢ,,,,Peshitta,PESH
32,Jonah,1,7,Jonah 1:7,14,ܘܐܪܡܝܘ,,,,Peshitta,PESH
32,Jonah,1,7,Jonah 1:7,15,ܦܨ̈ܐ,,,,Peshitta,PESH
32,Jonah,1,7,Jonah 1:7,16,ܘܣܠܩܬ,,,,Peshitta,PESH
32,Jonah,1,7,Jonah 1:7,17,ܦܨܬܗ,,,,Peshitta,PESH
32,Jonah,1,7,Jonah 1:7,18,ܕܝܘܢܢ,,,,Peshitta,PESH
32,Jonah,1,8,Jonah 1:8,1,ܘܐܡܪܘ,,,,Peshitta,PESH
32,Jonah,1,8,Jonah 1:8,2,ܠܗ,,,,Peshitta,PESH
32,Jonah,1,8,Jonah 1:8,3,ܚܘܢ,,,,Peshitta,PESH
32,Jonah,1,8,Jonah 1:8,4,ܒܝܫܬܐ,,,,Peshitta,PESH
32,Jonah,1,8,Jonah 1:8,5,ܗܕܐ,,,,Peshitta,PESH
32,Jonah,1,8,Jonah 1:8,6,ܡܛܠ,,,,Peshitta,PESH
32,Jonah,1,8,Jonah 1:8,7,ܡܢܐ,,,,Peshitta,PESH
32,Jonah,1,8,Jonah 1:8,8,ܐܬܬ,,,,Peshitta,PESH
32,Jonah,1,8,Jonah 1:8,9,ܥܠܝܢ,,,,Peshitta,PESH
32,Jonah,1,8,Jonah 1:8,10,ܡܢܘ,,,,Peshitta,PESH
32,Jonah,1,8,Jonah 1:8,11,ܥܒܕܟ,,,,Peshitta,PESH
32,Jonah,1,8,Jonah 1:8,12,ܘܡܢ,,,,Peshitta,PESH
32,Jonah,1,8,Jonah 1:8,13,ܐܝܡܟܐ,,,,Peshitta,PESH
32,Jonah,1,8,Jonah 1:8,14,ܐܢܬ,,,,Peshitta,PESH
32,Jonah,1,8,Jonah 1:8,15,ܘܐܝܕܐ,,,,Peshitta,PESH
32,Jonah,1,8,Jonah 1:8,16,ܗܝ,,,,Peshitta,PESH
32,Jonah,1,8,Jonah 1:8,17,ܐܪܥܟ,,,,Peshitta,PESH
32,Jonah,1,8,Jonah 1:8,18,ܘܡܢ,,,,Peshitta,PESH
32,Jonah,1,8,Jonah 1:8,19,ܐܝܢܐ,,,,Peshitta,PESH
32,Jonah,1,8,Jonah 1:8,20,ܐܢܬ,,,,Peshitta,PESH
32,Jonah,1,8,Jonah 1:8,21,ܥܡܐ,,,,Peshitta,PESH
32,Jonah,1,9,Jonah 1:9,1,ܐܡܪ,,,,Peshitta,PESH
32,Jonah,1,9,Jonah 1:9,2,ܠܗܘܢ,,,,Peshitta,PESH
32,Jonah,1,9,Jonah 1:9,3,ܝܘܢܢ,,,,Peshitta,PESH
32,Jonah,1,9,Jonah 1:9,4,ܥܒܪܝܐ,,,,Peshitta,PESH
32,Jonah,1,9,Jonah 1:9,5,ܐܢܐ,,,,Peshitta,PESH
32,Jonah,1,9,Jonah 1:9,6,ܘܠܡܪܝܐ,,,,Peshitta,PESH
32,Jonah,1,9,Jonah 1:9,7,ܐܠܗܐ,,,,Peshitta,PESH
32,Jonah,1,9,Jonah 1:9,8,ܕܫܡܝܐ,,,,Peshitta,PESH
32,Jonah,1,9,Jonah 1:9,9,ܕܚܠ,,,,Peshitta,PESH
32,Jonah,1,9,Jonah 1:9,10,ܐܢܐ,,,,Peshitta,PESH
32,Jonah,1,9,Jonah 1:9,11,ܕܥܒܕ,,,,Peshitta,PESH
32,Jonah,1,9,Jonah 1:9,12,ܝܡܐ,,,,Peshitta,PESH
32,Jonah,1,9,Jonah 1:9,13,ܘܝܒܫܐ,,,,Peshitta,PESH
32,Jonah,1,10,Jonah 1:10,1,ܘܕܚܠܘ,,,,Peshitta,PESH
32,Jonah,1,10,Jonah 1:10,2,ܓܒܪ̈ܐ,,,,Peshitta,PESH
32,Jonah,1,10,Jonah 1:10,3,ܗܢܘܢ,,,,Peshitta,PESH
32,Jonah,1,10,Jonah 1:10,4,ܕܚܠܬܐ,,,,Peshitta,PESH
32,Jonah,1,10,Jonah 1:10,5,ܪܒܬܐ,,,,Peshitta,PESH
32,Jonah,1,10,Jonah 1:10,6,ܘܐܡܪܘ,,,,Peshitta,PESH
32,Jonah,1,10,Jonah 1:10,7,ܠܗ,,,,Peshitta,PESH
32,Jonah,1,10,Jonah 1:10,8,ܡܢܐ,,,,Peshitta,PESH
32,Jonah,1,10,Jonah 1:10,9,ܥܒܕܬ,,,,Peshitta,PESH
32,Jonah,1,10,Jonah 1:10,10,ܡܛܠ,,,,Peshitta,PESH
32,Jonah,1,10,Jonah 1:10,11,ܕܝܕܥܘ,,,,Peshitta,PESH
32,Jonah,1,10,Jonah 1:10,12,ܐܢܫܐ,,,,Peshitta,PESH
32,Jonah,1,10,Jonah 1:10,13,ܗܢܘܢ,,,,Peshitta,PESH
32,Jonah,1,10,Jonah 1:10,14,ܕܡܢ,,,,Peshitta,PESH
32,Jonah,1,10,Jonah 1:10,15,ܩܕܡ,,,,Peshitta,PESH
32,Jonah,1,10,Jonah 1:10,16,ܡܪܝܐ,,,,Peshitta,PESH
32,Jonah,1,10,Jonah 1:10,17,ܥܪܩ,,,,Peshitta,PESH
32,Jonah,1,10,Jonah 1:10,18,ܘܟܕ,,,,Peshitta,PESH
32,Jonah,1,10,Jonah 1:10,19,ܚܘܝ,,,,Peshitta,PESH
32,Jonah,1,10,Jonah 1:10,20,ܐܢܘܢ,,,,Peshitta,PESH
32,Jonah,1,11,Jonah 1:11,1,ܐܡܪܝܢ,,,,Peshitta,PESH
32,Jonah,1,11,Jonah 1:11,2,ܠܗ,,,,Peshitta,PESH
32,Jonah,1,11,Jonah 1:11,3,ܡܢܐ,,,,Peshitta,PESH
32,Jonah,1,11,Jonah 1:11,4,ܢܥܒܕ,,,,Peshitta,PESH
32,Jonah,1,11,Jonah 1:11,5,ܠܟ,,,,Peshitta,PESH
32,Jonah,1,11,Jonah 1:11,6,ܘܢܫܠܐ,,,,Peshitta,PESH
32,Jonah,1,11,Jonah 1:11,7,ܝܡܐ,,,,Peshitta,PESH
32,Jonah,1,11,Jonah 1:11,8,ܡܢܢ,,,,Peshitta,PESH
32,Jonah,1,11,Jonah 1:11,9,ܡܛܠ,,,,Peshitta,PESH
32,Jonah,1,11,Jonah 1:11,10,ܕܝܡܐ,,,,Peshitta,PESH
32,Jonah,1,11,Jonah 1:11,11,ܗܐ,,,,Peshitta,PESH
32,Jonah,1,11,Jonah 1:11,12,ܐܙܠ,,,,Peshitta,PESH
32,Jonah,1,11,Jonah 1:11,13,ܘܡܬܕܠܚ,,,,Peshitta,PESH
32,Jonah,1,11,Jonah 1:11,14,ܥܠܝܢ,,,,Peshitta,PESH
32,Jonah,1,12,Jonah 1:12,1,ܐܡܪ,,,,Peshitta,PESH
32,Jonah,1,12,Jonah 1:12,2,ܠܗܘܢ,,,,Peshitta,PESH
32,Jonah,1,12,Jonah 1:12,3,ܝܘܢܢ,,,,Peshitta,PESH
32,Jonah,1,12,Jonah 1:12,4,ܫܘܩܠܘܢܝ,,,,Peshitta,PESH
32,Jonah,1,12,Jonah 1:12,5,ܘܐܪܡܐܘܢܝ,,,,Peshitta,PESH
32,Jonah,1,12,Jonah 1:12,6,ܒܝܡܐ,,,,Peshitta,PESH
32,Jonah,1,12,Jonah 1:12,7,ܘܢܫܠܐ,,,,Peshitta,PESH
32,Jonah,1,12,Jonah 1:12,8,ܝܡܐ,,,,Peshitta,PESH
32,Jonah,1,12,Jonah 1:12,9,ܡܢܟܘܢ,,,,Peshitta,PESH
32,Jonah,1,12,Jonah 1:12,10,ܡܛܠ,,,,Peshitta,PESH
32,Jonah,1,12,Jonah 1:12,11,ܕܝܕܥ,,,,Peshitta,PESH
32,Jonah,1,12,Jonah 1:12,12,ܐܢܐ,,,,Peshitta,PESH
32,Jonah,1,12,Jonah 1:12,13,ܕܗܢܐ,,,,Peshitta,PESH
32,Jonah,1,12,Jonah 1:12,14,ܡܚܫܘܠܐ,,,,Peshitta,PESH
32,Jonah,1,12,Jonah 1:12,15,ܪܒܐ,,,,Peshitta,PESH
32,Jonah,1,12,Jonah 1:12,16,ܡܛܠܬܝ,,,,Peshitta,PESH
32,Jonah,1,12,Jonah 1:12,17,ܗܘ,,,,Peshitta,PESH
32,Jonah,1,12,Jonah 1:12,18,ܗܘܐ,,,,Peshitta,PESH
32,Jonah,1,12,Jonah 1:12,19,ܥܠܝܟܘܢ,,,,Peshitta,PESH
32,Jonah,1,13,Jonah 1:13,1,ܘܐܬܟܬܫܘ,,,,Peshitta,PESH
32,Jonah,1,13,Jonah 1:13,2,ܐܢܫܐ,,,,Peshitta,PESH
32,Jonah,1,13,Jonah 1:13,3,ܗܢܘܢ,,,,Peshitta,PESH
32,Jonah,1,13,Jonah 1:13,4,ܕܢܗܦܟܘܢ,,,,Peshitta,PESH
32,Jonah,1,13,Jonah 1:13,5,ܠܝܒܫܐ,,,,Peshitta,PESH
32,Jonah,1,13,Jonah 1:13,6,ܘܠܐ,,,,Peshitta,PESH
32,Jonah,1,13,Jonah 1:13,7,ܐܫܟܚܘ,,,,Peshitta,PESH
32,Jonah,1,13,Jonah 1:13,8,ܡܛܠ,,,,Peshitta,PESH
32,Jonah,1,13,Jonah 1:13,9,ܕܝܡܐ,,,,Peshitta,PESH
32,Jonah,1,13,Jonah 1:13,10,ܐܙܠ,,,,Peshitta,PESH
32,Jonah,1,13,Jonah 1:13,11,ܗܘܐ,,,,Peshitta,PESH
32,Jonah,1,13,Jonah 1:13,12,ܘܡܬܕܠܚ,,,,Peshitta,PESH
32,Jonah,1,13,Jonah 1:13,13,ܥܠܝܗܘܢ,,,,Peshitta,PESH
32,Jonah,1,14,Jonah 1:14,1,ܘܩܪܘ,,,,Peshitta,PESH
32,Jonah,1,14,Jonah 1:14,2,ܠܡܪܝܐ,,,,Peshitta,PESH
32,Jonah,1,14,Jonah 1:14,3,ܘܐܡܪܘ,,,,Peshitta,PESH
32,Jonah,1,14,Jonah 1:14,4,ܐܘܢ,,,,Peshitta,PESH
32,Jonah,1,14,Jonah 1:14,5,ܡܪܝܐ,,,,Peshitta,PESH
32,Jonah,1,14,Jonah 1:14,6,ܠܐ,,,,Peshitta,PESH
32,Jonah,1,14,Jonah 1:14,7,ܢܐܒܕ,,,,Peshitta,PESH
32,Jonah,1,14,Jonah 1:14,8,ܒܢܦܫܗ,,,,Peshitta,PESH
32,Jonah,1,14,Jonah 1:14,9,ܕܓܒܪܐ,,,,Peshitta,PESH
32,Jonah,1,14,Jonah 1:14,10,ܗܢܐ,,,,Peshitta,PESH
32,Jonah,1,14,Jonah 1:14,11,ܘܠܐ,,,,Peshitta,PESH
32,Jonah,1,14,Jonah 1:14,12,ܬܚܫܘܒ,,,,Peshitta,PESH
32,Jonah,1,14,Jonah 1:14,13,ܥܠܝܢ,,,,Peshitta,PESH
32,Jonah,1,14,Jonah 1:14,14,ܕܡܐ,,,,Peshitta,PESH
32,Jonah,1,14,Jonah 1:14,15,ܙܟܝܐ,,,,Peshitta,PESH
32,Jonah,1,14,Jonah 1:14,16,ܡܛܠ,,,,Peshitta,PESH
32,Jonah,1,14,Jonah 1:14,17,ܕܐܢܬ,,,,Peshitta,PESH
32,Jonah,1,14,Jonah 1:14,18,ܗܘ,,,,Peshitta,PESH
32,Jonah,1,14,Jonah 1:14,19,ܡܪܝܐ,,,,Peshitta,PESH
32,Jonah,1,14,Jonah 1:14,20,ܘܐܝܟ,,,,Peshitta,PESH
32,Jonah,1,14,Jonah 1:14,21,ܕܨܒܐ,,,,Peshitta,PESH
32,Jonah,1,14,Jonah 1:14,22,ܐܢܬ,,,,Peshitta,PESH
32,Jonah,1,14,Jonah 1:14,23,ܥܒܕ,,,,Peshitta,PESH
32,Jonah,1,14,Jonah 1:14,24,ܐܢܬ,,,,Peshitta,PESH
32,Jonah,1,15,Jonah 1:15,1,ܘܫܩܠܘܗܝ,,,,Peshitta,PESH
32,Jonah,1,15,Jonah 1:15,2,ܠܝܘܢܢ,,,,Peshitta,PESH
32,Jonah,1,15,Jonah 1:15,3,ܘܫܕܐܘܗܝ,,,,Peshitta,PESH
32,Jonah,1,15,Jonah 1:15,4,ܒܝܡܐ,,,,Peshitta,PESH
32,Jonah,1,15,Jonah 1:15,5,ܘܐܬܬܢܝܚ,,,,Peshitta,PESH
32,Jonah,1,15,Jonah 1:15,6,ܝܡܐ,,,,Peshitta,PESH
32,Jonah,1,15,Jonah 1:15,7,ܡܢ,,,,Peshitta,PESH
32,Jonah,1,15,Jonah 1:15,8,ܡܚܫ̈ܘܠܘܗܝ,,,,Peshitta,PESH
32,Jonah,1,16,Jonah 1:16,1,ܘܕܚܠܘ,,,,Peshitta,PESH
32,Jonah,1,16,Jonah 1:16,2,ܐܢܫܐ,,,,Peshitta,PESH
32,Jonah,1,16,Jonah 1:16,3,ܗܢܘܢ,,,,Peshitta,PESH
32,Jonah,1,16,Jonah 1:16,4,ܕܚܠܬܐ,,,,Peshitta,PESH
32,Jonah,1,16,Jonah 1:16,5,ܪܒܬܐ,,,,Peshitta,PESH
32,Jonah,1,16,Jonah 1:16,6,ܡܢ,,,,Peshitta,PESH
32,Jonah,1,16,Jonah 1:16,7,ܩܕܡ,,,,Peshitta,PESH
32,Jonah,1,16,Jonah 1:16,8,ܡܪܝܐ,,,,Peshitta,PESH
32,Jonah,1,16,Jonah 1:16,9,ܘܕܒܚܘ,,,,Peshitta,PESH
32,Jonah,1,16,Jonah 1:16,10,ܕܒܚ̈ܐ,,,,Peshitta,PESH
32,Jonah,1,16,Jonah 1:16,11,ܠܡܪܝܐ,,,,Peshitta,PESH
32,Jonah,1,16,Jonah 1:16,12,ܘܢܕܪܘ,,,,Peshitta,PESH
32,Jonah,1,16,Jonah 1:16,13,ܢܕܪ̈ܐ,,,,Peshitta,PESH
32,Jonah,2,1,Jonah 2:1,1,ܘܛܝܒ,,,,Peshitta,PESH
32,Jonah,2,1,Jonah 2:1,2,ܡܪܝܐ,,,,Peshitta,PESH
32,Jonah,2,1,Jonah 2:1,3,ܢܘܢܐ,,,,Peshitta,PESH
32,Jonah,2,1,Jonah 2:1,4,ܪܒܐ,,,,Peshitta,PESH
32,Jonah,2,1,Jonah 2:1,5,ܘܒܠܥܗ,,,,Peshitta,PESH
32,Jonah,2,1,Jonah 2:1,6,ܠܝܘܢܢ,,,,Peshitta,PESH
32,Jonah,2,1,Jonah 2:1,7,ܘܗܘܐ,,,,Peshitta,PESH
32,Jonah,2,1,Jonah 2:1,8,ܝܘܢܢ,,,,Peshitta,PESH
32,Jonah,2,1,Jonah 2:1,9,ܒܡ̈ܥܘܗܝ,,,,Peshitta,PESH
32,Jonah,2,1,Jonah 2:1,10,ܕܢܘܢܐ,,,,Peshitta,PESH
32,Jonah,2,1,Jonah 2:1,11,ܬܠܬܐ,,,,Peshitta,PESH
32,Jonah,2,1,Jonah 2:1,12,ܐܝ̈ܡܡܝܢ,,,,Peshitta,PESH
32,Jonah,2,1,Jonah 2:1,13,ܘܬܠܬܐ,,,,Peshitta,PESH
32,Jonah,2,1,Jonah 2:1,14,ܠܝ̈ܠܘܢ,,,,Peshitta,PESH
32,Jonah,2,2,Jonah 2:2,1,ܘܨܠܝ,,,,Peshitta,PESH
32,Jonah,2,2,Jonah 2:2,2,ܝܘܢܢ,,,,Peshitta,PESH
32,Jonah,2,2,Jonah 2:2,3,ܩܕܡ,,,,Peshitta,PESH
32,Jonah,2,2,Jonah 2:2,4,ܡܪܝܐ,,,,Peshitta,PESH
32,Jonah,2,2,Jonah 2:2,5,ܐܠܗܗ,,,,Peshitta,PESH
32,Jonah,2,2,Jonah 2:2,6,ܡܢ,,,,Peshitta,PESH
32,Jonah,2,2,Jonah 2:2,7,ܡ̈ܥܘܗܝ,,,,Peshitta,PESH
32,Jonah,2,2,Jonah 2:2,8,ܕܢܘܢܐ,,,,Peshitta,PESH
32,Jonah,2,3,Jonah 2:3,1,ܘܐܡܪ,,,,Peshitta,PESH
32,Jonah,2,3,Jonah 2:3,2,ܩܪܝܬ,,,,Peshitta,PESH
32,Jonah,2,3,Jonah 2:3,3,ܠܡܪܝܐ,,,,Peshitta,PESH
32,Jonah,2,3,Jonah 2:3,4,ܒܥܩܬܝ,,,,Peshitta,PESH
32,Jonah,2,3,Jonah 2:3,5,ܘܥܢܢܝ,,,,Peshitta,PESH
32,Jonah,2,3,Jonah 2:3,6,ܡܢ,,,,Peshitta,PESH
32,Jonah,2,3,Jonah 2:3,7,ܟܪܣܗ̇,,,,Peshitta,PESH
32,Jonah,2,3,Jonah 2:3,8,ܕܫܝܘܠ,,,,Peshitta,PESH
32,Jonah,2,3,Jonah 2:3,9,ܓܥܝܬ,,,,Peshitta,PESH
32,Jonah,2,3,Jonah 2:3,10,ܘܫܡܥܬ,,,,Peshitta,PESH
32,Jonah,2,3,Jonah 2:3,11,ܒܩܠܝ,,,,Peshitta,PESH
32,Jonah,2,4,Jonah 2:4,1,ܘܐܪܡܝܬܢܝ,,,,Peshitta,PESH
32,Jonah,2,4,Jonah 2:4,2,ܒܥܘܡܩܐ,,,,Peshitta,PESH
32,Jonah,2,4,Jonah 2:4,3,ܒܠܒܗ,,,,Peshitta,PESH
32,Jonah,2,4,Jonah 2:4,4,ܕܝܡܐ,,,,Peshitta,PESH
32,Jonah,2,4,Jonah 2:4,5,ܘܢܗܪܐ,,,,Peshitta,PESH
32,Jonah,2,4,Jonah 2:4,6,ܚܕܪܢܝ,,,,Peshitta,PESH
32,Jonah,2,4,Jonah 2:4,7,ܟܠܗܘܢ,,,,Peshitta,PESH
32,Jonah,2,4,Jonah 2:4,8,ܡܚ̈ܫܘܠܝܟ,,,,Peshitta,PESH
32,Jonah,2,4,Jonah 2:4,9,ܘ̈ܓܠܠܝܟ,,,,Peshitta,PESH
32,Jonah,2,4,Jonah 2:4,10,ܥܠܝ,,,,Peshitta,PESH
32,Jonah,2,4,Jonah 2:4,11,ܥܒܪܘ,,,,Peshitta,PESH
32,Jonah,2,5,Jonah 2:5,1,ܐܢܐ,,,,Peshitta,PESH
32,Jonah,2,5,Jonah 2:5,2,ܕܝܢ,,,,Peshitta,PESH
32,Jonah,2,5,Jonah 2:5,3,ܐܡܪܬ,,,,Peshitta,PESH
32,Jonah,2,5,Jonah 2:5,4,ܕܐܬܪܚܩܬ,,,,Peshitta,PESH
32,Jonah,2,5,Jonah 2:5,5,ܡܢ,,,,Peshitta,PESH
32,Jonah,2,5,Jonah 2:5,6,ܩܕܡ,,,,Peshitta,PESH
32,Jonah,2,5,Jonah 2:5,7,ܥܝ̈ܢܝܟ,,,,Peshitta,PESH
32,Jonah,2,5,Jonah 2:5,8,ܡܟܝܠ,,,,Peshitta,PESH
32,Jonah,2,5,Jonah 2:5,9,ܡܘܣܦ,,,,Peshitta,PESH
32,Jonah,2,5,Jonah 2:5,10,ܐܢܐ,,,,Peshitta,PESH
32,Jonah,2,5,Jonah 2:5,11,ܠܡܚܙܐ,,,,Peshitta,PESH
32,Jonah,2,5,Jonah 2:5,12,ܗܝܟܠܟ,,,,Peshitta,PESH
32,Jonah,2,5,Jonah 2:5,13,ܩܕܝܫܐ,,,,Peshitta,PESH
32,Jonah,2,6,Jonah 2:6,1,ܚܕܪܘܢܝ,,,,Peshitta,PESH
32,Jonah,2,6,Jonah 2:6,2,ܡ̈ܝܐ,,,,Peshitta,PESH
32,Jonah,2,6,Jonah 2:6,3,ܥܕܡܐ,,,,Peshitta,PESH
32,Jonah,2,6,Jonah 2:6,4,ܠܢܦܫܐ,,,,Peshitta,PESH
32,Jonah,2,6,Jonah 2:6,5,ܘܬܗܘܡܐ,,,,Peshitta,PESH
32,Jonah,2,6,Jonah 2:6,6,ܟܪܟܢܝ,,,,Peshitta,PESH
32,Jonah,2,6,Jonah 2:6,7,ܘܒܐܫܬܗ,,,,Peshitta,PESH
32,Jonah,2,6,Jonah 2:6,8,ܕܝܡܐ,,,,Peshitta,PESH
32,Jonah,2,6,Jonah 2:6,9,ܐܬܚܒܫ,,,,Peshitta,PESH
32,Jonah,2,6,Jonah 2:6,10,ܪܝܫܝ,,,,Peshitta,PESH
32,Jonah,2,7,Jonah 2:7,1,ܘܠܐܫܬܗܘܢ,,,,Peshitta,PESH
32,Jonah,2,7,Jonah 2:7,2,ܕܛܘܪ̈ܐ,,,,Peshitta,PESH
32,Jonah,2,7,Jonah 2:7,3,ܢܚܬܬ,,,,Peshitta,PESH
32,Jonah,2,7,Jonah 2:7,4,ܘܐܪܥܐ,,,,Peshitta,PESH
32,Jonah,2,7,Jonah 2:7,5,ܐܚܕܬ,,,,Peshitta,PESH
32,Jonah,2,7,Jonah 2:7,6,ܣܘܟܪ̈ܝܗ̇,,,,Peshitta,PESH
32,Jonah,2,7,Jonah 2:7,7,ܒܐ̈ܦܝ,,,,Peshitta,PESH
32,Jonah,2,7,Jonah 2:7,8,ܠܥܠܡ,,,,Peshitta,PESH
32,Jonah,2,7,Jonah 2:7,9,ܘܐܣܩܬ,,,,Peshitta,PESH
32,Jonah,2,7,Jonah 2:7,10,ܚܝ̈ܝ,,,,Peshitta,PESH
32,Jonah,2,7,Jonah 2:7,11,ܡܢ,,,,Peshitta,PESH
32,Jonah,2,7,Jonah 2:7,12,ܚܒܠܐ,,,,Peshitta,PESH
32,Jonah,2,7,Jonah 2:7,13,ܡܪܝܐ,,,,Peshitta,PESH
32,Jonah,2,7,Jonah 2:7,14,ܐܠܗܝ,,,,Peshitta,PESH
32,Jonah,2,8,Jonah 2:8,1,ܟܕ,,,,Peshitta,PESH
32,Jonah,2,8,Jonah 2:8,2,ܐܬܛܪܦܬ,,,,Peshitta,PESH
32,Jonah,2,8,Jonah 2:8,3,ܢܦܫܝ,,,,Peshitta,PESH
32,Jonah,2,8,Jonah 2:8,4,ܠܡܪܝܐ,,,,Peshitta,PESH
32,Jonah,2,8,Jonah 2:8,5,ܐܬܕܟܪܬ,,,,Peshitta,PESH
32,Jonah,2,8,Jonah 2:8,6,ܘܥܠܬ,,,,Peshitta,PESH
32,Jonah,2,8,Jonah 2:8,7,ܩܕܡܝܟ,,,,Peshitta,PESH
32,Jonah,2,8,Jonah 2:8,8,ܨܠܘܬܝ,,,,Peshitta,PESH
32,Jonah,2,8,Jonah 2:8,9,ܠܗܝܟܠܟ,,,,Peshitta,PESH
32,Jonah,2,8,Jonah 2:8,10,ܩܕܝܫܐ,,,,Peshitta,PESH
32,Jonah,2,9,Jonah 2:9,1,ܟܘܠ,,,,Peshitta,PESH
32,Jonah,2,9,Jonah 2:9,2,ܕܢܛܪܝܢ,,,,Peshitta,PESH
32,Jonah,2,9,Jonah 2:9,3,ܕܚ̈ܠܬܐ,,,,Peshitta,PESH
32,Jonah,2,9,Jonah 2:9,4,ܣܪ̈ܝܩܬܐ,,,,Peshitta,PESH
32,Jonah,2,9,Jonah 2:9,5,ܡܪܚܡܢܘܬܟ,,,,Peshitta,PESH
32,Jonah,2,9,Jonah 2:9,6,ܫܒܩܝܢ,,,,Peshitta,PESH
32,Jonah,2,10,Jonah 2:10,1,ܐܢܐ,,,,Peshitta,PESH
32,Jonah,2,10,Jonah 2:10,2,ܕܝܢ,,,,Peshitta,PESH
32,Jonah,2,10,Jonah 2:10,3,ܒܩܠܐ,,,,Peshitta,PESH
32,Jonah,2,10,Jonah 2:10,4,ܕܬܘܕܝܬܐ,,,,Peshitta,PESH
32,Jonah,2,10,Jonah 2:10,5,ܐܕܒܚ,,,,Peshitta,PESH
32,Jonah,2,10,Jonah 2:10,6,ܠܟ,,,,Peshitta,PESH
32,Jonah,2,10,Jonah 2:10,7,ܘܡܕܡ,,,,Peshitta,PESH
32,Jonah,2,10,Jonah 2:10,8,ܕܢܕܪܬ,,,,Peshitta,PESH
32,Jonah,2,10,Jonah 2:10,9,ܐܫܠܡ,,,,Peshitta,PESH
32,Jonah,2,10,Jonah 2:10,10,ܦܘܪܥܢܐ,,,,Peshitta,PESH
32,Jonah,2,10,Jonah 2:10,11,ܠܡܪܝܐ,,,,Peshitta,PESH
32,Jonah,2,11,Jonah 2:11,1,ܘܦܩܕ,,,,Peshitta,PESH
32,Jonah,2,11,Jonah 2:11,2,ܡܪܝܐ,,,,Peshitta,PESH
32,Jonah,2,11,Jonah 2:11,3,ܠܢܘܢܐ,,,,Peshitta,PESH
32,Jonah,2,11,Jonah 2:11,4,ܘܦܠܛܗ,,,,Peshitta,PESH
32,Jonah,2,11,Jonah 2:11,5,ܠܝܘܢܢ,,,,Peshitta,PESH
32,Jonah,2,11,Jonah 2:11,6,ܠܝܒܫܐ,,,,Peshitta,PESH
32,Jonah,3,1,Jonah 3:1,1,ܘܗܘܐ,,,,Peshitta,PESH
32,Jonah,3,1,Jonah 3:1,2,ܦܬܓܡܗ,,,,Peshitta,PESH
32,Jonah,3,1,Jonah 3:1,3,ܕܡܪܝܐ,,,,Peshitta,PESH
32,Jonah,3,1,Jonah 3:1,4,ܥܠ,,,,Peshitta,PESH
32,Jonah,3,1,Jonah 3:1,5,ܝܘܢܢ,,,,Peshitta,PESH
32,Jonah,3,1,Jonah 3:1,6,ܕܬܪ̈ܬܝܢ,,,,Peshitta,PESH
32,Jonah,3,1,Jonah 3:1,7,ܙܒܢܝ̈ܢ,,,,Peshitta,PESH
32,Jonah,3,1,Jonah 3:1,8,ܠܡܐܡܪ,,,,Peshitta,PESH
32,Jonah,3,2,Jonah 3:2,1,ܩܘܡ,,,,Peshitta,PESH
32,Jonah,3,2,Jonah 3:2,2,ܙܠ,,,,Peshitta,PESH
32,Jonah,3,2,Jonah 3:2,3,ܠܢܝܢܘܐ,,,,Peshitta,PESH
32,Jonah,3,2,Jonah 3:2,4,ܡܕܝܢܬܐ,,,,Peshitta,PESH
32,Jonah,3,2,Jonah 3:2,5,ܪܒܬܐ,,,,Peshitta,PESH
32,Jonah,3,2,Jonah 3:2,6,ܘܐܟܪܙ,,,,Peshitta,PESH
32,Jonah,3,2,Jonah 3:2,7,ܥܠܝܗ̇,,,,Peshitta,PESH
32,Jonah,3,2,Jonah 3:2,8,ܟܪܘܙܘܬܐ,,,,Peshitta,PESH
32,Jonah,3,2,Jonah 3:2,9,ܕܐܡܪ,,,,Peshitta,PESH
32,Jonah,3,2,Jonah 3:2,10,ܐܢܐ,,,,Peshitta,PESH
32,Jonah,3,2,Jonah 3:2,11,ܠܟ,,,,Peshitta,PESH
32,Jonah,3,3,Jonah 3:3,1,ܘܩܡ,,,,Peshitta,PESH
32,Jonah,3,3,Jonah 3:3,2,ܝܘܢܢ,,,,Peshitta,PESH
32,Jonah,3,3,Jonah 3:3,3,ܘܐܙܠ,,,,Peshitta,PESH
32,Jonah,3,3,Jonah 3:3,4,ܠܢܝܢܘܐ,,,,Peshitta,PESH
32,Jonah,3,3,Jonah 3:3,5,ܐܝܟ,,,,Peshitta,PESH
32,Jonah,3,3,Jonah 3:3,6,ܡܠܬܗ,,,,Peshitta,PESH
32,Jonah,3,3,Jonah 3:3,7,ܕܡܪܝܐ,,,,Peshitta,PESH
32,Jonah,3,3,Jonah 3:3,8,ܘܢܝܢܘܐ,,,,Peshitta,PESH
32,Jonah,3,3,Jonah 3:3,9,ܡܕܝܢܬܐ,,,,Peshitta,PESH
32,Jonah,3,3,Jonah 3:3,10,ܗܘܬ,,,,Peshitta,PESH
32,Jonah,3,3,Jonah 3:3,11,ܪܒܬܐ,,,,Peshitta,PESH
32,Jonah,3,3,Jonah 3:3,12,ܠܐܠܗܐ,,,,Peshitta,PESH
32,Jonah,3,3,Jonah 3:3,13,ܡܪܕܐ,,,,Peshitta,PESH
32,Jonah,3,3,Jonah 3:3,14,ܬܠܬܐ,,,,Peshitta,PESH
32,Jonah,3,3,Jonah 3:3,15,ܝܘ̈ܡܝܢ,,,,Peshitta,PESH
32,Jonah,3,4,Jonah 3:4,1,ܘܫܪܝ,,,,Peshitta,PESH
32,Jonah,3,4,Jonah 3:4,2,ܝܘܢܢ,,,,Peshitta,PESH
32,Jonah,3,4,Jonah 3:4,3,ܠܡܥܠ,,,,Peshitta,PESH
32,Jonah,3,4,Jonah 3:4,4,ܠܢܝܢܘܐ,,,,Peshitta,PESH
32,Jonah,3,4,Jonah 3:4,5,ܡܪܕܐ,,,,Peshitta,PESH
32,Jonah,3,4,Jonah 3:4,6,ܝܘܡܐ,,,,Peshitta,PESH
32,Jonah,3,4,Jonah 3:4,7,ܚܕ,,,,Peshitta,PESH
32,Jonah,3,4,Jonah 3:4,8,ܘܐܟܪܙ,,,,Peshitta,PESH
32,Jonah,3,4,Jonah 3:4,9,ܘܐܡܪ,,,,Peshitta,PESH
32,Jonah,3,4,Jonah 3:4,10,ܡܟܐ,,,,Peshitta,PESH
32,Jonah,3,4,Jonah 3:4,11,ܠܐܪ̈ܒܥܝܢ,,,,Peshitta,PESH
32,Jonah,3,4,Jonah 3:4,12,ܝܘܡ̈ܝܢ,,,,Peshitta,PESH
32,Jonah,3,4,Jonah 3:4,13,ܢܝܢܘܐ,,,,Peshitta,PESH
32,Jonah,3,4,Jonah 3:4,14,ܡܬܗܦܟܐ,,,,Peshitta,PESH
32,Jonah,3,5,Jonah 3:5,1,ܘܗܝܡܢܘ,,,,Peshitta,PESH
32,Jonah,3,5,Jonah 3:5,2,ܐܢܫ̈ܝܗ̇,,,,Peshitta,PESH
32,Jonah,3,5,Jonah 3:5,3,ܕܢܝܢܘܐ,,,,Peshitta,PESH
32,Jonah,3,5,Jonah 3:5,4,ܒܐܠܗܐ,,,,Peshitta,PESH
32,Jonah,3,5,Jonah 3:5,5,ܘܦܣܩܘ,,,,Peshitta,PESH
32,Jonah,3,5,Jonah 3:5,6,ܨܘܡܐ,,,,Peshitta,PESH
32,Jonah,3,5,Jonah 3:5,7,ܘܠܒܫܘ,,,,Peshitta,PESH
32,Jonah,3,5,Jonah 3:5,8,ܣܩ̈ܐ,,,,Peshitta,PESH
32,Jonah,3,5,Jonah 3:5,9,ܡܢ,,,,Peshitta,PESH
32,Jonah,3,5,Jonah 3:5,10,ܪ̈ܘܪܒܢܝܗܘܢ,,,,Peshitta,PESH
32,Jonah,3,5,Jonah 3:5,11,ܘܥܕܡܐ,,,,Peshitta,PESH
32,Jonah,3,5,Jonah 3:5,12,ܠܙܥܘܪ̈ܝܗܘܢ,,,,Peshitta,PESH
32,Jonah,3,6,Jonah 3:6,1,ܘܡܛܬ,,,,Peshitta,PESH
32,Jonah,3,6,Jonah 3:6,2,ܡܠܬܐ,,,,Peshitta,PESH
32,Jonah,3,6,Jonah 3:6,3,ܠܡܠܟܐ,,,,Peshitta,PESH
32,Jonah,3,6,Jonah 3:6,4,ܕܢܝܢܘܐ,,,,Peshitta,PESH
32,Jonah,3,6,Jonah 3:6,5,ܘܩܡ,,,,Peshitta,PESH
32,Jonah,3,6,Jonah 3:6,6,ܡܢ,,,,Peshitta,PESH
32,Jonah,3,6,Jonah 3:6,7,ܟܘܪܣܝܗ,,,,Peshitta,PESH
32,Jonah,3,6,Jonah 3:6,8,ܘܫܩܠ,,,,Peshitta,PESH
32,Jonah,3,6,Jonah 3:6,9,ܬܓܗ,,,,Peshitta,PESH
32,Jonah,3,6,Jonah 3:6,10,ܡܢܗ,,,,Peshitta,PESH
32,Jonah,3,6,Jonah 3:6,11,ܘܠܒܫ,,,,Peshitta,PESH
32,Jonah,3,6,Jonah 3:6,12,ܣܩܐ,,,,Peshitta,PESH
32,Jonah,3,6,Jonah 3:6,13,ܘܝܬܒ,,,,Peshitta,PESH
32,Jonah,3,6,Jonah 3:6,14,ܥܠ,,,,Peshitta,PESH
32,Jonah,3,6,Jonah 3:6,15,ܩܛܡܐ,,,,Peshitta,PESH
32,Jonah,3,7,Jonah 3:7,1,ܘܐܟܪܙ,,,,Peshitta,PESH
32,Jonah,3,7,Jonah 3:7,2,ܘܐܡܪ,,,,Peshitta,PESH
32,Jonah,3,7,Jonah 3:7,3,ܒܢܝܢܘܐ,,,,Peshitta,PESH
32,Jonah,3,7,Jonah 3:7,4,ܡܢ,,,,Peshitta,PESH
32,Jonah,3,7,Jonah 3:7,5,ܦܘܩܕܢܐ,,,,Peshitta,PESH
32,Jonah,3,7,Jonah 3:7,6,ܕܡܠܟܐ,,,,Peshitta,PESH
32,Jonah,3,7,Jonah 3:7,7,ܘܕܪ̈ܘܪܒܢܘܗܝ,,,,Peshitta,PESH
32,Jonah,3,7,Jonah 3:7,8,ܒܢ̈ܝ,,,,Peshitta,PESH
32,Jonah,3,7,Jonah 3:7,9,ܐܢܫܐ,,,,Peshitta,PESH
32,Jonah,3,7,Jonah 3:7,10,ܘܒܥܝܪܐ,,,,Peshitta,PESH
32,Jonah,3,7,Jonah 3:7,11,ܘܬܘܪ̈ܐ,,,,Peshitta,PESH
32,Jonah,3,7,Jonah 3:7,12,ܘܥܢܐ,,,,Peshitta,PESH
32,Jonah,3,7,Jonah 3:7,13,ܠܐ,,,,Peshitta,PESH
32,Jonah,3,7,Jonah 3:7,14,ܢܛܥܡܘܢ,,,,Peshitta,PESH
32,Jonah,3,7,Jonah 3:7,15,ܡܕܡ,,,,Peshitta,PESH
32,Jonah,3,7,Jonah 3:7,16,ܘܠܐ,,,,Peshitta,PESH
32,Jonah,3,7,Jonah 3:7,17,ܢܪܥܘܢ,,,,Peshitta,PESH
32,Jonah,3,7,Jonah 3:7,18,ܐܦ,,,,Peshitta,PESH
32,Jonah,3,7,Jonah 3:7,19,ܠܐ,,,,Peshitta,PESH
32,Jonah,3,7,Jonah 3:7,20,ܡ̈ܝܐ,,,,Peshitta,PESH
32,Jonah,3,7,Jonah 3:7,21,ܢܫܬܘܢ,,,,Peshitta,PESH
32,Jonah,3,8,Jonah 3:8,1,ܐܠܐ,,,,Peshitta,PESH
32,Jonah,3,8,Jonah 3:8,2,ܢܬܟܣܘܢ,,,,Peshitta,PESH
32,Jonah,3,8,Jonah 3:8,3,ܣܩ̈ܐ,,,,Peshitta,PESH
32,Jonah,3,8,Jonah 3:8,4,ܒܢ̈ܝ,,,,Peshitta,PESH
32,Jonah,3,8,Jonah 3:8,5,ܐܢܫܐ,,,,Peshitta,PESH
32,Jonah,3,8,Jonah 3:8,6,ܘܒܥܝܪܐ,,,,Peshitta,PESH
32,Jonah,3,8,Jonah 3:8,7,ܘܢܩܪܘܢܗ,,,,Peshitta,PESH
32,Jonah,3,8,Jonah 3:8,8,ܠܐܠܗܐ,,,,Peshitta,PESH
32,Jonah,3,8,Jonah 3:8,9,ܒܚܢܓܬܐ,,,,Peshitta,PESH
32,Jonah,3,8,Jonah 3:8,10,ܘܢܗܦܘܟ,,,,Peshitta,PESH
32,Jonah,3,8,Jonah 3:8,11,ܐܢܫ,,,,Peshitta,PESH
32,Jonah,3,8,Jonah 3:8,12,ܡܢ,,,,Peshitta,PESH
32,Jonah,3,8,Jonah 3:8,13,ܐܘܪܚܗ,,,,Peshitta,PESH
32,Jonah,3,8,Jonah 3:8,14,ܒܝܫܬܐ,,,,Peshitta,PESH
32,Jonah,3,8,Jonah 3:8,15,ܘܡܢ,,,,Peshitta,PESH
32,Jonah,3,8,Jonah 3:8,16,ܚܛܘܦܝܐ,,,,Peshitta,PESH
32,Jonah,3,8,Jonah 3:8,17,ܕܐܝܬ,,,,Peshitta,PESH
32,Jonah,3,8,Jonah 3:8,18,ܒܐ̈ܝܕܘܗܝ,,,,Peshitta,PESH
32,Jonah,3,9,Jonah 3:9,1,ܡ̇ܢ,,,,Peshitta,PESH
32,Jonah,3,9,Jonah 3:9,2,ܝܕܥ,,,,Peshitta,PESH
32,Jonah,3,9,Jonah 3:9,3,ܐܢ,,,,Peshitta,PESH
32,Jonah,3,9,Jonah 3:9,4,ܡܬܦܢܐ,,,,Peshitta,PESH
32,Jonah,3,9,Jonah 3:9,5,ܐܠܗܐ,,,,Peshitta,PESH
32,Jonah,3,9,Jonah 3:9,6,ܘܡܪܚܡ,,,,Peshitta,PESH
32,Jonah,3,9,Jonah 3:9,7,ܥܠܝܢ,,,,Peshitta,PESH
32,Jonah,3,9,Jonah 3:9,8,ܘܡܗܦܟ,,,,Peshitta,PESH
32,Jonah,3,9,Jonah 3:9,9,ܡܢܢ,,,,Peshitta,PESH
32,Jonah,3,9,Jonah 3:9,10,ܚܡܬܐ,,,,Peshitta,PESH
32,Jonah,3,9,Jonah 3:9,11,ܕܪܘܓܙܗ,,,,Peshitta,PESH
32,Jonah,3,9,Jonah 3:9,12,ܕܠܐ,,,,Peshitta,PESH
32,Jonah,3,9,Jonah 3:9,13,ܢܐܒܕ,,,,Peshitta,PESH
32,Jonah,3,10,Jonah 3:10,1,ܘܚܙܐ,,,,Peshitta,PESH
32,Jonah,3,10,Jonah 3:10,2,ܐܠܗܐ,,,,Peshitta,PESH
32,Jonah,3,10,Jonah 3:10,3,ܥܒ̈ܕܝܗܘܢ,,,,Peshitta,PESH
32,Jonah,3,10,Jonah 3:10,4,ܕܬܒܘ,,,,Peshitta,PESH
32,Jonah,3,10,Jonah 3:10,5,ܡܢ,,,,Peshitta,PESH
32,Jonah,3,10,Jonah 3:10,6,ܐܘܪ̈ܚܬܗܘܢ,,,,Peshitta,PESH
32,Jonah,3,10,Jonah 3:10,7,ܒܝܫ̈ܬܐ,,,,Peshitta,PESH
32,Jonah,3,10,Jonah 3:10,8,ܘܐܗܦܟ,,,,Peshitta,PESH
32,Jonah,3,10,Jonah 3:10,9,ܡܢܗܘܢ,,,,Peshitta,PESH
32,Jonah,3,10,Jonah 3:10,10,ܚܡܬܐ,,,,Peshitta,PESH
32,Jonah,3,10,Jonah 3:10,11,ܕܪܘܓܙܗ,,,,Peshitta,PESH
32,Jonah,3,10,Jonah 3:10,12,ܘܠܐ,,,,Peshitta,PESH
32,Jonah,3,10,Jonah 3:10,13,ܐܘܒܕ,,,,Peshitta,PESH
32,Jonah,3,10,Jonah 3:10,14,ܐܢܘܢ,,,,Peshitta,PESH
32,Jonah,4,1,Jonah 4:1,1,ܘܟܪܝܬ,,,,Peshitta,PESH
32,Jonah,4,1,Jonah 4:1,2,ܠܝܘܢܢ,,,,Peshitta,PESH
32,Jonah,4,1,Jonah 4:1,3,ܟܪܝܘܬܐ,,,,Peshitta,PESH
32,Jonah,4,1,Jonah 4:1,4,ܪܒܬܐ,,,,Peshitta,PESH
32,Jonah,4,1,Jonah 4:1,5,ܘܥܩܬ,,,,Peshitta,PESH
32,Jonah,4,1,Jonah 4:1,6,ܠܗ,,,,Peshitta,PESH
32,Jonah,4,1,Jonah 4:1,7,ܛܒ,,,,Peshitta,PESH
32,Jonah,4,2,Jonah 4:2,1,ܘܨܠܝ,,,,Peshitta,PESH
32,Jonah,4,2,Jonah 4:2,2,ܩܕܡ,,,,Peshitta,PESH
32,Jonah,4,2,Jonah 4:2,3,ܡܪܝܐ,,,,Peshitta,PESH
32,Jonah,4,2,Jonah 4:2,4,ܘܐܡܪ,,,,Peshitta,PESH
32,Jonah,4,2,Jonah 4:2,5,ܐܘܢ,,,,Peshitta,PESH
32,Jonah,4,2,Jonah 4:2,6,ܡܪܝܐ,,,,Peshitta,PESH
32,Jonah,4,2,Jonah 4:2,7,ܠܐ,,,,Peshitta,PESH
32,Jonah,4,2,Jonah 4:2,8,ܗܘܬ,,,,Peshitta,PESH
32,Jonah,4,2,Jonah 4:2,9,ܗܕܐ,,,,Peshitta,PESH
32,Jonah,4,2,Jonah 4:2,10,ܡܠܬܝ,,,,Peshitta,PESH
32,Jonah,4,2,Jonah 4:2,11,ܟܕ,,,,Peshitta,PESH
32,Jonah,4,2,Jonah 4:2,12,ܐܢܐ,,,,Peshitta,PESH
32,Jonah,4,2,Jonah 4:2,13,ܒܐܪܥܝ,,,,Peshitta,PESH
32,Jonah,4,2,Jonah 4:2,14,ܘܡܛܠ,,,,Peshitta,PESH
32,Jonah,4,2,Jonah 4:2,15,ܗܢܐ,,,,Peshitta,PESH
32,Jonah,4,2,Jonah 4:2,16,ܩܕܡܬ,,,,Peshitta,PESH
32,Jonah,4,2,Jonah 4:2,17,ܗܘܝܬ,,,,Peshitta,PESH
32,Jonah,4,2,Jonah 4:2,18,ܥܪܩܬ,,,,Peshitta,PESH
32,Jonah,4,2,Jonah 4:2,19,ܠܝ,,,,Peshitta,PESH
32,Jonah,4,2,Jonah 4:2,20,ܠܬܪܫܝܫ,,,,Peshitta,PESH
32,Jonah,4,2,Jonah 4:2,21,ܝܕܥ,,,,Peshitta,PESH
32,Jonah,4,2,Jonah 4:2,22,ܗܘܝܬ,,,,Peshitta,PESH
32,Jonah,4,2,Jonah 4:2,23,ܓܝܪ,,,,Peshitta,PESH
32,Jonah,4,2,Jonah 4:2,24,ܕܐܠܗܐ,,,,Peshitta,PESH
32,Jonah,4,2,Jonah 4:2,25,ܐܢܬ,,,,Peshitta,PESH
32,Jonah,4,2,Jonah 4:2,26,ܡܪܚܡܢܐ,,,,Peshitta,PESH
32,Jonah,4,2,Jonah 4:2,27,ܘܡܪܚܦܢܐ,,,,Peshitta,PESH
32,Jonah,4,2,Jonah 4:2,28,ܘܢܓܝܪܐ,,,,Peshitta,PESH
32,Jonah,4,2,Jonah 4:2,29,ܪܘܚܟ,,,,Peshitta,PESH
32,Jonah,4,2,Jonah 4:2,30,ܘܣܓܝܐܐ,,,,Peshitta,PESH
32,Jonah,4,2,Jonah 4:2,31,ܛܝܒܘܬܟ,,,,Peshitta,PESH
32,Jonah,4,2,Jonah 4:2,32,ܘܡܗܦܟ,,,,Peshitta,PESH
32,Jonah,4,2,Jonah 4:2,33,ܐܢܬ,,,,Peshitta,PESH
32,Jonah,4,2,Jonah 4:2,34,ܒܝܫܬܐ,,,,Peshitta,PESH
32,Jonah,4,3,Jonah 4:3,1,ܡܟܝܠ,,,,Peshitta,PESH
32,Jonah,4,3,Jonah 4:3,2,ܡܪܝ,,,,Peshitta,PESH
32,Jonah,4,3,Jonah 4:3,3,ܣܒ,,,,Peshitta,PESH
32,Jonah,4,3,Jonah 4:3,4,ܢܦܫܝ,,,,Peshitta,PESH
32,Jonah,4,3,Jonah 4:3,5,ܡܢܝ,,,,Peshitta,PESH
32,Jonah,4,3,Jonah 4:3,6,ܡܛܠ,,,,Peshitta,PESH
32,Jonah,4,3,Jonah 4:3,7,ܕܦܩܚ,,,,Peshitta,PESH
32,Jonah,4,3,Jonah 4:3,8,ܠܝ,,,,Peshitta,PESH
32,Jonah,4,3,Jonah 4:3,9,ܠܡܡܬ,,,,Peshitta,PESH
32,Jonah,4,3,Jonah 4:3,10,ܛܒ,,,,Peshitta,PESH
32,Jonah,4,3,Jonah 4:3,11,ܡܢ,,,,Peshitta,PESH
32,Jonah,4,3,Jonah 4:3,12,ܕܠܡܚܐ,,,,Peshitta,PESH
32,Jonah,4,4,Jonah 4:4,1,ܘܐܡܪ,,,,Peshitta,PESH
32,Jonah,4,4,Jonah 4:4,2,ܠܗ,,,,Peshitta,PESH
32,Jonah,4,4,Jonah 4:4,3,ܡܪܝܐ,,,,Peshitta,PESH
32,Jonah,4,4,Jonah 4:4,4,ܛܒ,,,,Peshitta,PESH
32,Jonah,4,4,Jonah 4:4,5,ܟܪܝܬ,,,,Peshitta,PESH
32,Jonah,4,4,Jonah 4:4,6,ܠܟ,,,,Peshitta,PESH
32,Jonah,4,5,Jonah 4:5,1,ܘܢܦܩ,,,,Peshitta,PESH
32,Jonah,4,5,Jonah 4:5,2,ܝܘܢܢ,,,,Peshitta,PESH
32,Jonah,4,5,Jonah 4:5,3,ܠܒܪ,,,,Peshitta,PESH
32,Jonah,4,5,Jonah 4:5,4,ܡܢ,,,,Peshitta,PESH
32,Jonah,4,5,Jonah 4:5,5,ܡܕܝܢܬܐ,,,,Peshitta,PESH
32,Jonah,4,5,Jonah 4:5,6,ܘܝܬܒ,,,,Peshitta,PESH
32,Jonah,4,5,Jonah 4:5,7,ܠܗ,,,,Peshitta,PESH
32,Jonah,4,5,Jonah 4:5,8,ܒܡܕܢܚܝܗ̇,,,,Peshitta,PESH
32,Jonah,4,5,Jonah 4:5,9,ܕܡܕܝܢܬܐ,,,,Peshitta,PESH
32,Jonah,4,5,Jonah 4:5,10,ܘܥܒܕ,,,,Peshitta,PESH
32,Jonah,4,5,Jonah 4:5,11,ܠܗ,,,,Peshitta,PESH
32,Jonah,4,5,Jonah 4:5,12,ܡܛܠܬܐ,,,,Peshitta,PESH
32,Jonah,4,5,Jonah 4:5,13,ܬܡܢ,,,,Peshitta,PESH
32,Jonah,4,5,Jonah 4:5,14,ܘܝܬܒ,,,,Peshitta,PESH
32,Jonah,4,5,Jonah 4:5,15,ܬܚܘܬܝܗ̇,,,,Peshitta,PESH
32,Jonah,4,5,Jonah 4:5,16,ܒܛܠܠܐ,,,,Peshitta,PESH
32,Jonah,4,5,Jonah 4:5,17,ܕܢܚܙܐ,,,,Peshitta,PESH
32,Jonah,4,5,Jonah 4:5,18,ܡܢܐ,,,,Peshitta,PESH
32,Jonah,4,5,Jonah 4:5,19,ܓܕܫ,,,,Peshitta,PESH
32,Jonah,4,5,Jonah 4:5,20,ܠܗ̇,,,,Peshitta,PESH
32,Jonah,4,5,Jonah 4:5,21,ܠܡܕܝܢܬܐ,,,,Peshitta,PESH
32,Jonah,4,6,Jonah 4:6,1,ܘܦܩܕ,,,,Peshitta,PESH
32,Jonah,4,6,Jonah 4:6,2,ܡܪܝܐ,,,,Peshitta,PESH
32,Jonah,4,6,Jonah 4:6,3,ܐܠܗܐ,,,,Peshitta,PESH
32,Jonah,4,6,Jonah 4:6,4,ܠܫܪܘܪܐ,,,,Peshitta,PESH
32,Jonah,4,6,Jonah 4:6,5,ܕܩܪܐܐ,,,,Peshitta,PESH
32,Jonah,4,6,Jonah 4:6,6,ܘܝܥܐ,,,,Peshitta,PESH
32,Jonah,4,6,Jonah 4:6,7,ܘܣܠܩ,,,,Peshitta,PESH
32,Jonah,4,6,Jonah 4:6,8,ܠܥܠ,,,,Peshitta,PESH
32,Jonah,4,6,Jonah 4:6,9,ܡܢ,,,,Peshitta,PESH
32,Jonah,4,6,Jonah 4:6,10,ܝܘܢܢ,,,,Peshitta,PESH
32,Jonah,4,6,Jonah 4:6,11,ܘܗܘܐ,,,,Peshitta,PESH
32,Jonah,4,6,Jonah 4:6,12,ܛܠܠܐ,,,,Peshitta,PESH
32,Jonah,4,6,Jonah 4:6,13,ܥܠ,,,,Peshitta,PESH
32,Jonah,4,6,Jonah 4:6,14,ܪܝܫܗ,,,,Peshitta,PESH
32,Jonah,4,6,Jonah 4:6,15,ܘܐܪܘܚ,,,,Peshitta,PESH
32,Jonah,4,6,Jonah 4:6,16,ܠܗ,,,,Peshitta,PESH
32,Jonah,4,6,Jonah 4:6,17,ܡܢ,,,,Peshitta,PESH
32,Jonah,4,6,Jonah 4:6,18,ܒܝܫܬܗ,,,,Peshitta,PESH
32,Jonah,4,6,Jonah 4:6,19,ܘܚܕܝ,,,,Peshitta,PESH
32,Jonah,4,6,Jonah 4:6,20,ܝܘܢܢ,,,,Peshitta,PESH
32,Jonah,4,6,Jonah 4:6,21,ܒܗ,,,,Peshitta,PESH
32,Jonah,4,6,Jonah 4:6,22,ܒܫܪܘܪܐ,,,,Peshitta,PESH
32,Jonah,4,6,Jonah 4:6,23,ܕܩܪܐܐ,,,,Peshitta,PESH
32,Jonah,4,6,Jonah 4:6,24,ܚܕܘܬܐ,,,,Peshitta,PESH
32,Jonah,4,6,Jonah 4:6,25,ܪܒܬܐ,,,,Peshitta,PESH
32,Jonah,4,7,Jonah 4:7,1,ܘܠܝܘܡܐ,,,,Peshitta,PESH
32,Jonah,4,7,Jonah 4:7,2,ܐܚܪܢܐ,,,,Peshitta,PESH
32,Jonah,4,7,Jonah 4:7,3,ܦܩܕ,,,,Peshitta,PESH
32,Jonah,4,7,Jonah 4:7,4,ܡܪܝܐ,,,,Peshitta,PESH
32,Jonah,4,7,Jonah 4:7,5,ܐܠܗܐ,,,,Peshitta,PESH
32,Jonah,4,7,Jonah 4:7,6,ܠܬܘܠܥܐ,,,,Peshitta,PESH
32,Jonah,4,7,Jonah 4:7,7,ܒܡܣܩ̈ܝ,,,,Peshitta,PESH
32,Jonah,4,7,Jonah 4:7,8,ܫܦܪܐ,,,,Peshitta,PESH
32,Jonah,4,7,Jonah 4:7,9,ܘܡܚܬܗ,,,,Peshitta,PESH
32,Jonah,4,7,Jonah 4:7,10,ܠܫܪܘܪܐ,,,,Peshitta,PESH
32,Jonah,4,7,Jonah 4:7,11,ܕܩܪܐܐ,,,,Peshitta,PESH
32,Jonah,4,7,Jonah 4:7,12,ܘܩܛܡܬܗ,,,,Peshitta,PESH
32,Jonah,4,8,Jonah 4:8,1,ܘܟܕ,,,,Peshitta,PESH
32,Jonah,4,8,Jonah 4:8,2,ܕܢܚܬ,,,,Peshitta,PESH
32,Jonah,4,8,Jonah 4:8,3,ܫܡܫܐ,,,,Peshitta,PESH
32,Jonah,4,8,Jonah 4:8,4,ܦܩܕ,,,,Peshitta,PESH
32,Jonah,4,8,Jonah 4:8,5,ܡܪܝܐ,,,,Peshitta,PESH
32,Jonah,4,8,Jonah 4:8,6,ܐܠܗܐ,,,,Peshitta,PESH
32,Jonah,4,8,Jonah 4:8,7,ܠܪܘܚܐ,,,,Peshitta,PESH
32,Jonah,4,8,Jonah 4:8,8,ܕܫܘܒܐ,,,,Peshitta,PESH
32,Jonah,4,8,Jonah 4:8,9,ܘܐܘܒܫܬܗ,,,,Peshitta,PESH
32,Jonah,4,8,Jonah 4:8,10,ܠܩܪܐܐ,,,,Peshitta,PESH
32,Jonah,4,8,Jonah 4:8,11,ܘܨܚܬ,,,,Peshitta,PESH
32,Jonah,4,8,Jonah 4:8,12,ܫܡܫܐ,,,,Peshitta,PESH
32,Jonah,4,8,Jonah 4:8,13,ܒܪܝܫܗ,,,,Peshitta,PESH
32,Jonah,4,8,Jonah 4:8,14,ܕܝܘܢܢ,,,,Peshitta,PESH
32,Jonah,4,8,Jonah 4:8,15,ܘܐܬܛܪܦ,,,,Peshitta,PESH
32,Jonah,4,8,Jonah 4:8,16,ܘܫܐܠ,,,,Peshitta,PESH
32,Jonah,4,8,Jonah 4:8,17,ܡܘܬܐ,,,,Peshitta,PESH
32,Jonah,4,8,Jonah 4:8,18,ܠܢܦܫܗ,,,,Peshitta,PESH
32,Jonah,4,8,Jonah 4:8,19,ܘܐܡܪ,,,,Peshitta,PESH
32,Jonah,4,8,Jonah 4:8,20,ܡܛܐ,,,,Peshitta,PESH
32,Jonah,4,8,Jonah 4:8,21,ܒܐ̈ܝܕܝܟ,,,,Peshitta,PESH
32,Jonah,4,8,Jonah 4:8,22,ܡܪܝܐ,,,,Peshitta,PESH
32,Jonah,4,8,Jonah 4:8,23,ܠܡܣܒ,,,,Peshitta,PESH
32,Jonah,4,8,Jonah 4:8,24,ܢܦܫܝ,,,,Peshitta,PESH
32,Jonah,4,8,Jonah 4:8,25,ܡܢܝ,,,,Peshitta,PESH
32,Jonah,4,8,Jonah 4:8,26,ܡܛܠ,,,,Peshitta,PESH
32,Jonah,4,8,Jonah 4:8,27,ܕܠܐ,,,,Peshitta,PESH
32,Jonah,4,8,Jonah 4:8,28,ܗܘܝܬ,,,,Peshitta,PESH
32,Jonah,4,8,Jonah 4:8,29,ܛܒ,,,,Peshitta,PESH
32,Jonah,4,8,Jonah 4:8,30,ܐܢܐ,,,,Peshitta,PESH
32,Jonah,4,8,Jonah 4:8,31,ܡܢ,,,,Peshitta,PESH
32,Jonah,4,8,Jonah 4:8,32,ܐܒ̈ܗܝ,,,,Peshitta,PESH
32,Jonah,4,9,Jonah 4:9,1,ܘܐܡܪ,,,,Peshitta,PESH
32,Jonah,4,9,Jonah 4:9,2,ܡܪܝܐ,,,,Peshitta,PESH
32,Jonah,4,9,Jonah 4:9,3,ܐܠܗܐ,,,,Peshitta,PESH
32,Jonah,4,9,Jonah 4:9,4,ܠܝܘܢܢ,,,,Peshitta,PESH
32,Jonah,4,9,Jonah 4:9,5,ܛܒ,,,,Peshitta,PESH
32,Jonah,4,9,Jonah 4:9,6,ܟܪܝܬ,,,,Peshitta,PESH
32,Jonah,4,9,Jonah 4:9,7,ܠܟ,,,,Peshitta,PESH
32,Jonah,4,9,Jonah 4:9,8,ܥܠ,,,,Peshitta,PESH
32,Jonah,4,9,Jonah 4:9,9,ܫܪܘܪܐ,,,,Peshitta,PESH
32,Jonah,4,9,Jonah 4:9,10,ܕܩܪܐܐ,,,,Peshitta,PESH
32,Jonah,4,9,Jonah 4:9,11,ܘܐܡܪ,,,,Peshitta,PESH
32,Jonah,4,9,Jonah 4:9,12,ܝܘܢܢ,,,,Peshitta,PESH
32,Jonah,4,9,Jonah 4:9,13,ܛܒ,,,,Peshitta,PESH
32,Jonah,4,9,Jonah 4:9,14,ܟܪܝܬ,,,,Peshitta,PESH
32,Jonah,4,9,Jonah 4:9,15,ܠܝ,,,,Peshitta,PESH
32,Jonah,4,9,Jonah 4:9,16,ܥܕܡܐ,,,,Peshitta,PESH
32,Jonah,4,9,Jonah 4:9,17,ܠܡܘܬܐ,,,,Peshitta,PESH
32,Jonah,4,10,Jonah 4:10,1,ܐܡܪ,,,,Peshitta,PESH
32,Jonah,4,10,Jonah 4:10,2,ܠܗ,,,,Peshitta,PESH
32,Jonah,4,10,Jonah 4:10,3,ܡܪܝܐ,,,,Peshitta,PESH
32,Jonah,4,10,Jonah 4:10,4,ܐܢܬ,,,,Peshitta,PESH
32,Jonah,4,10,Jonah 4:10,5,ܚܣܬ,,,,Peshitta,PESH
32,Jonah,4,10,Jonah 4:10,6,ܥܠ,,,,Peshitta,PESH
32,Jonah,4,10,Jonah 4:10,7,ܫܪܘܪܐ,,,,Peshitta,PESH
32,Jonah,4,10,Jonah 4:10,8,ܕܩܪܐܐ,,,,Peshitta,PESH
32,Jonah,4,10,Jonah 4:10,9,ܕܠܐ,,,,Peshitta,PESH
32,Jonah,4,10,Jonah 4:10,10,ܠܐܝܬ,,,,Peshitta,PESH
32,Jonah,4,10,Jonah 4:10,11,ܒܗ,,,,Peshitta,PESH
32,Jonah,4,10,Jonah 4:10,12,ܘܠܐ,,,,Peshitta,PESH
32,Jonah,4,10,Jonah 4:10,13,ܪܒܝܬܝܗܝ,,,,Peshitta,PESH
32,Jonah,4,10,Jonah 4:10,14,ܕܒܪ,,,,Peshitta,PESH
32,Jonah,4,10,Jonah 4:10,15,ܠܠܝܗ,,,,Peshitta,PESH
32,Jonah,4,10,Jonah 4:10,16,ܝܥܐ,,,,Peshitta,PESH
32,Jonah,4,10,Jonah 4:10,17,ܘܒܪ,,,,Peshitta,PESH
32,Jonah,4,10,Jonah 4:10,18,ܠܠܝܗ,,,,Peshitta,PESH
32,Jonah,4,10,Jonah 4:10,19,ܝܒܫ,,,,Peshitta,PESH
32,Jonah,4,11,Jonah 4:11,1,ܐܢܐ,,,,Peshitta,PESH
32,Jonah,4,11,Jonah 4:11,2,ܕܝܢ,,,,Peshitta,PESH
32,Jonah,4,11,Jonah 4:11,3,ܠܐ,,,,Peshitta,PESH
32,Jonah,4,11,Jonah 4:11,4,ܐܚܘܣ,,,,Peshitta,PESH
32,Jonah,4,11,Jonah 4:11,5,ܥܠ,,,,Peshitta,PESH
32,Jonah,4,11,Jonah 4:11,6,ܢܝܢܘܐ,,,,Peshitta,PESH
32,Jonah,4,11,Jonah 4:11,7,ܡܕܝܢܬܐ,,,,Peshitta,PESH
32,Jonah,4,11,Jonah 4:11,8,ܪܒܬܐ,,,,Peshitta,PESH
32,Jonah,4,11,Jonah 4:11,9,ܕܐܝܬ,,,,Peshitta,PESH
32,Jonah,4,11,Jonah 4:11,10,ܒܗ̇,,,,Peshitta,PESH
32,Jonah,4,11,Jonah 4:11,11,ܝܬܝܪ,,,,Peshitta,PESH
32,Jonah,4,11,Jonah 4:11,12,ܡܢ,,,,Peshitta,PESH
32,Jonah,4,11,Jonah 4:11,13,ܬܪ̈ܬܥܣܪܐ,,,,Peshitta,PESH
32,Jonah,4,11,Jonah 4:11,14,ܪ̈ܒܘܢ,,,,Peshitta,PESH
32,Jonah,4,11,Jonah 4:11,15,ܒܢܝܢ̈ܫܐ,,,,Peshitta,PESH
32,Jonah,4,11,Jonah 4:11,16,ܕܠܐ,,,,Peshitta,PESH
32,Jonah,4,11,Jonah 4:11,17,ܝܕܥܝܢ,,,,Peshitta,PESH
32,Jonah,4,11,Jonah 4:11,18,ܒܝܬ,,,,Peshitta,PESH
32,Jonah,4,11,Jonah 4:11,19,ܝܡܝܢܗܘܢ,,,,Peshitta,PESH
32,Jonah,4,11,Jonah 4:11,20,ܠܣܡܠܗܘܢ,,,,Peshitta,PESH
32,Jonah,4,11,Jonah 4:11,21,ܘܣܘܓܐܐ,,,,Peshitta,PESH
32,Jonah,4,11,Jonah 4:11,22,ܕܒܥܝܪܐ,,,,Peshitta,PESH
